{    "Records": [        {            "ClientIp": "",            "ResultCode": "0",            "DnsQueryStartTime": "2017-04-14 15:21:11.530",            "DnsQueryEndTime": "2017-04-14 15:21:11.545",            "DnsQueryIp": "112.25.58.139",            "PingProtocol": "1",            "DnsServer": "221.12.33.227",            "LoginUser": "",            "TraceRouters": "",            "CapFile": "401_20170414152106.215.cap",            "PingServer": "http://v.qq.com/cover/m/mhlu0ezl5yxg9ru.html",            "PingPacketSize": "0",            "TwowayDelay": "0",            "JitterRate": "0",            "LossPacketRate": "0.000",            "PingIP": "",            "PingSendSpeed": "0",            "PingSendTime": "0",            "PingTimeout": "2",            "PingTotalNum": "3",            "PingSuccessNum": "3",            "AvgOffsetTime": "31",            "Ttl": "0",            "MaxOffsetTime": "39",            "MinOffsetTime": "18",            "OffsetTimeJitter": "0",            "PingGrainStartTime": "",            "PingGrainEndTime": ""        }    ],    "ServiceType": "401",    "SubServiceType": "00"}