{
    "ItemId": "62",
    "TestTimes": "1",
    "TestSpaceTime": "15",
    "ServiceType": "40100000",
    "ItemIndex": "0",
    "ScriptNotes": "TestEnv=GetTestEnv();iRet = TestEnv:LuaTestStep(1);",
    "ItemRetryTimes": "0",
    "CapFlag": "1",
    "TestLimit": "500",
    "UnUpAttachFlag": "1",
    "Step": {
        "PingServer": [
            {
                "url": "http://v.qq.com/cover/m/mhlu0ezl5yxg9ru.html"
            }
        ],
        "PingTotalNum": "3",
        "PingPacketSize": "32",
        "Ttl": "30",
        "PingTimeout": "2",
        "PingBanSize": "10",
        "DoTraceFlag": "0",
        "PingProtocol": "1",
        "ThreadNum": "10"
    }
}
